manufacturer,part_number,part_type,length,width,height,CSA,UL,preference,description,tag
ALLEN BRADLEY,1756-OV16E,Cable,,,,1,1,2,10-30 VDC Elec Fused Sinking Output 16 Pts,
ALLEN BRADLEY,1756-IA16,Cable,,,,1,1,2,Input Card,
ALLEN BRADLEY,843E-MIP4BA1,Cable,,,,1,1,2,EIP Encoder,
BELDEN,B5502FE-U1000,Cable,,,,1,1,2,"Multi-Cond 22AWG 4C Overall Shield, Gray",
BELDEN,B5502FE-U1000 Box,Cable,,,,1,1,2,"4C 22AWG Overall Shield (1,000 ft / Box)",
LAPP,221004,Cable,,,,1,1,2,LAPP Tray Cable Multi 10G 4C,
LAPP,221204,Cable,,,,1,1,2,LAPP Tray Cable Multi 12G 4C,
LAPP,221204,Cable,,,,1,1,2,LAPP Tray Cable Multi 12G 4C,
LAPP,221403,Cable,,,,1,1,2,LAPP Tray Cable Multi 14G 3C,
LAPP,221403,Cable,,,,1,1,2,LAPP Tray Cable Multi 14G 3C,
LAPP,221404,Cable,,,,1,1,2,LAPP Tray Cable Multi 14G 4C,
LAPP,221404,Cable,,,,1,1,2,LAPP Tray Cable Multi 14G 4C,
LAPP,221404-1,Cable,,,,1,1,2,Oil-Resistant  Flexible Tray Cable Unshielded 14 AWG (2.50 mm x 2.50 mm)/4c,
LAPP,221407,Cable,,,,1,1,2,LAPP Tray Cable Multi 14G 7C,
LAPP,221603,Cable,,,,1,1,2,LAPP Tray Cable Multi 16G 3C,
LAPP,221603,Cable,,,,1,1,2,LAPP Tray Cable Multi 16G 3C,
LAPP,221603-1,Cable,,,,1,1,2,Oil-Resistant  Flexible Tray Cable Unshielded 16 AWG (1.50 mm x 1.50 mm)/3c,
LAPP,221605,Cable,,,,1,1,2,LAPP Tray Cable Multi 16G 5C,
LAPP,221605,Cable,,,,1,1,2,LAPP Tray Cable Multi 16G 5C,
LAPP,221609,Cable,,,,1,1,2,LAPP Tray Cable Multi 16G 9C,
LAPP,221609,Cable,,,,1,1,2,LAPP Tray Cable Multi 16G 9C,
LAPP,221612,Cable,,,,1,1,2,LAPP Tray Cable Multi 16G 12C,
LAPP,221612,Cable,,,,1,1,2,Oil-Resistant  Flexible Tray Cable Unshielded 16 AWG (1.50 mm x 1.50 mm)/12c,
LAPP,221618,Cable,,,,1,1,2,LAPP Tray Cable Multi 16G 18C,
LAPP,221625,Cable,,,,1,1,2,LAPP Tray Cable Multi 16G 25C,
LAPP,221625,Cable,,,,1,1,2,Oil-Resistant  Flexible Tray Cable Unshielded 16 AWG (1.50 mm x 1.50 mm)/25c,
LAPP,221825,Cable,,,,1,1,2,LAPP Tray Cable Multi 18G 25C,
LAPP,2FL-1204O,Cable,,,,1,1,2,LAPP Multi-Conductor 12G 4C,
LAPP,2FL-1603O,Cable,,,,1,1,2,LAPP Multi-Conductor 16G 3C,
LAPP,2FL-1609O,Cable,,,,1,1,2,LAPP Multi-Conductor 19G 9C,
N/A,314-023-1812-FR,Cable,,,,1,1,2,"18-12C STR TNC SR-PVC, Grey",
N/A,314-023-1825-FR,Cable,,,,1,1,2,"18-25C STR TNC SR-PVC, Grey",
N/A,316-035-2212-FR,Cable,,,,1,1,2,"22AWG 12C Overall Shield, Grey",
N/A,SOOW4C12,Cable,,,,1,1,2,4 Conductor 12AWG Cable,
PHOENIX CONTACT,1403929,Cable,,,,1,1,2,"Patchcord RJ45 Male / RJ45 Male, 4-Conductor, Teal TPE, Flex Rated, 2 meters (6.56 feet)",
PHOENIX CONTACT,1403933,Cable,,,,1,1,2,"Patchcord RJ45 Male / RJ45 Male, 4-Conductor, Teal TPE, Flex Rated, 5 meters",
TEXCAN,TECK431KV,Cable,,,,1,1,2,"Teck Cable, 1kV, 3 Conductor, 12 AWG, Stranded Bare Copper",
ALLEN BRADLEY,1489-AMRA3,CircuitBreaker,,,,1,1,2,MCB Accessory Auxiliary Contact,
ALLEN BRADLEY,1489-M1C010,CircuitBreaker,,,,1,1,2,"Circuit Breaker- 1P, 1A, C-Curve, 277VAC",
ALLEN BRADLEY,1489-M1C020,CircuitBreaker,,,,1,1,2,"Circuit Breaker- 1P, 2A, C-Curve, 277VAC",
ALLEN BRADLEY,1489-M1C040,CircuitBreaker,,,,1,1,2,"Circuit Breaker- 1P, 4A, C-Curve, 277VAC",
ALLEN BRADLEY,1489-M1C050,CircuitBreaker,,,,1,1,2,"Circuit Breaker- 1P, 5A, C-Curve, 277VAC",
ALLEN BRADLEY,1489-M1C060,CircuitBreaker,,,,1,1,2,"Circuit Breaker- 1P, 6A, C-Curve, 277VAC",
ALLEN BRADLEY,1489-M1C080,CircuitBreaker,,,,1,1,2,"Circuit Breaker- 1P, 8A, C-Curve, 277VAC",
ALLEN BRADLEY,1489-M1C100,CircuitBreaker,,,,1,1,2,"Circuit Breaker- 1P, 10A, C-Curve, 277VAC",
ALLEN BRADLEY,1489-M1C160,CircuitBreaker,,,,1,1,2,"Circuit Breaker- 1P, 16A, C-Curve, 277VAC",
ALLEN BRADLEY,1489-M1C200,CircuitBreaker,,,,1,1,2,"Circuit Breaker- 1P, 20A, C-Curve, 277VAC",
ALLEN BRADLEY,1489-M1C400,CircuitBreaker,,,,1,1,2,"Circuit Breaker- 1P, 40A, C-Curve, 277VAC",
ALLEN BRADLEY,1489-M2C010,CircuitBreaker,,,,1,1,2,"Circuit Breaker- 2P, 1A, C-Curve, 480VAC",
ALLEN BRADLEY,1489-M2C020,CircuitBreaker,,,,1,1,2,"Circuit Breaker- 2P, 2A, C-Curve, 480VAC",
ALLEN BRADLEY,1489-M2C160,CircuitBreaker,,,,1,1,2,"Circuit Breaker- 2P, 16A, C-Curve, 480VAC",
ALLEN BRADLEY,1489-M3C080,CircuitBreaker,,,,1,1,2,"Circuit Breaker- 3P, 8A, C-Curve, 480VAC",
ALLEN BRADLEY,1489-M3C160,CircuitBreaker,,,,1,1,2,"Circuit Breaker- 3P, 16A, C-Curve, 480VAC",
MICO,9000-41034-0100600,CircuitBreaker,,,,1,1,2,"Electronic Circuit Protection, 4 Channels, 24VDC",
MICO,9000-41042-0100600,CircuitBreaker,,,,1,1,2,"Electronic Circuit Protection, 2 Channels, 24VDC",
SCHNEIDER,M9F42101,CircuitBreaker,,,,1,1,2,Multi9 C60BP 1P Circuit Breaker 1A MCB,
SCHNEIDER,M9F42102,CircuitBreaker,,,,1,1,2,Multi9 C60BP 1P Circuit Breaker 2A MCB,
SCHNEIDER,M9F42103,CircuitBreaker,,,,1,1,2,Multi9 C60BP 1P Circuit Breaker 3A MCB,
SCHNEIDER,M9F42104,CircuitBreaker,,,,1,1,2,Multi9 C60BP 1P Circuit Breaker 4A MCB,
SCHNEIDER,M9F42105,CircuitBreaker,,,,1,1,2,Multi9 C60BP 1P Circuit Breaker 5A MCB,
SCHNEIDER,M9F42106,CircuitBreaker,,,,1,1,2,Multi9 C60BP 1P Circuit Breaker 6A MCB,
SCHNEIDER,M9F42108,CircuitBreaker,,,,1,1,2,Multi9 C60BP 1P Circuit Breaker 8A MCB,
SCHNEIDER,M9F42110,CircuitBreaker,,,,1,1,2,Multi9 C60BP 1P Circuit Breaker 10A MCB,
SCHNEIDER,M9F42115,CircuitBreaker,,,,1,1,2,Multi9 C60BP 1P Circuit Breaker 15A MCB,
SCHNEIDER,M9F42120,CircuitBreaker,,,,1,1,2,Multi9 C60BP 1P Circuit Breaker 20A MCB,
SCHNEIDER,M9F42125,CircuitBreaker,,,,1,1,2,Multi9 C60BP 1P Circuit Breaker 25A MCB,
SCHNEIDER,M9F42130,CircuitBreaker,,,,1,1,2,Multi9 C60BP 1P Circuit Breaker 30A MCB,
SCHNEIDER,M9F42140,CircuitBreaker,,,,1,1,2,Multi9 C60BP 1P Circuit Breaker 40A MCB,
ALLEN BRADLEY,1768-ENBT,Card,,,,1,1,2,Compactlogix L4X Ethernet/IP Module,CompactLogix
ALLEN BRADLEY,1768-L43S,Card,,,,1,1,2,Compact Guardlogix CPU,CompactLogix
ALLEN BRADLEY,1769-AENTR,Card,,,,1,1,2,1769 Ethernet/IP Adapter,CompactLogix
ALLEN BRADLEY,1769-CRL1,Card,,,,1,1,2,Cmplx 0.3m Right To Left Bus,CompactLogix
ALLEN BRADLEY,1769-CRL3,Card,,,,1,1,2,Cmplx 1m Right To Left Bus Ex,CompactLogix
ALLEN BRADLEY,1769-CRR1,Card,,,,1,1,2,Cmplx 0.3m Right To Right Bus,CompactLogix
ALLEN BRADLEY,1769-ECL,Card,,,,1,1,2,CompactLogix Left End Cap,CompactLogix
ALLEN BRADLEY,1769-ECR,Card,,,,1,1,2,CompactLogix Right End Cap,CompactLogix
ALLEN BRADLEY,1769-HSC,Card,,,,1,1,2,CompactLogix High-Speed Counter,CompactLogix
ALLEN BRADLEY,1769-IA16,Card,,,,1,1,2,CompactLogix 16Pt 120VAC D/I,CompactLogix
ALLEN BRADLEY,1769-IF4I,Card,,,,1,1,2,CompactLogix 4 Pt A/I C and V,CompactLogix
ALLEN BRADLEY,1769-IF8,Card,,,,1,1,2,CompactLogix 8 Pt Analog Input,CompactLogix
ALLEN BRADLEY,1769-IQ16F,Card,,,,1,1,2,CompactLogix 16 Pt 24VDC Fast,CompactLogix
ALLEN BRADLEY,1769-IQ32,Card,,,,1,1,2,CompactLogix 32 Pt 24VDC D/I Module,CompactLogix
ALLEN BRADLEY,1769-IT6,Card,,,,1,1,2,CompactLogix 6 Pt Thermocouple,CompactLogix
ALLEN BRADLEY,1769-L18ER-BB1B,Card,,,,1,1,2,CompactLogix 0.5MB DI/O,CompactLogix
ALLEN BRADLEY,1769-L30ERM,Card,,,,1,1,2,CompactLogix 1 MB Motion Conn.,CompactLogix
ALLEN BRADLEY,1769-L30ERMS,Card,,,,1,1,2,Compact GrdLogix CPU,CompactLogix
ALLEN BRADLEY,1769-L33ERMS,Card,,,,1,1,2,Compact GrdLogix CPU,CompactLogix
ALLEN BRADLEY,1769-L35E,Card,,,,1,1,2,CompactLogix 1.5MB Enet Controller,CompactLogix
ALLEN BRADLEY,1769-OB16,Card,,,,1,1,2,CompactLogix 16 Pt 24VDC D/O Module,CompactLogix
ALLEN BRADLEY,1769-OB32,Card,,,,1,1,2,CompactLogix 32 Pt 24VDC D/O Module,CompactLogix
ALLEN BRADLEY,1769-OF4,Card,,,,1,1,2,CompactLogix 4 Pt A/O C and V Module,CompactLogix
ALLEN BRADLEY,1769-OF4CI,Card,,,,1,1,2,CompactLogix 4 Pt A/O Current,CompactLogix
ALLEN BRADLEY,1769-OW16,Card,,,,1,1,2,CompactLogix 16 Pt D/O Relay Module,CompactLogix
ALLEN BRADLEY,1769-PA4,Card,,,,1,1,2,CompactLogix Selectable AC 4A/2A Power,CompactLogix
ALLEN BRADLEY,1769-PB2,Card,,,,1,1,2,CompactLogix DC 2A/0.8A PS,CompactLogix
ALLEN BRADLEY,1769-PB4,Card,,,,1,1,2,CompactLogix DC 4A/2A PS,CompactLogix
ALLEN BRADLEY,5069-IB16,Card,,,,1,1,2,5069 DC Input Module,CompactLogix
ALLEN BRADLEY,5069-IB16F,Card,,,,1,1,2,5069 Fast DC Input Module,CompactLogix
ALLEN BRADLEY,5069-IF8,Card,,,,1,1,2,5069 Analog Input Module,CompactLogix
ALLEN BRADLEY,5069-IY4,Card,,,,1,1,2,5069 Univ Analog Input Module,CompactLogix
ALLEN BRADLEY,5069-L320ERS2,Card,,,,1,1,2,Compact Guardlogix SIL2,CompactLogix
ALLEN BRADLEY,5069-L340ERMS2,Card,,,,1,1,2,Compact Guardlogix5380 4MB Mem,CompactLogix
ALLEN BRADLEY,5069-OB16,Card,,,,1,1,2,5069 DC Output Module,CompactLogix
ALLEN BRADLEY,5069-OB8,Card,,,,1,1,2,5069 DC Output Module,CompactLogix
ALLEN BRADLEY,5069-OF4,Card,,,,1,1,2,5069 Analog Output Module,CompactLogix
ALLEN BRADLEY,5069-OF8,Card,,,,1,1,2,5069 Analog Output Module,CompactLogix
ALLEN BRADLEY,5069-OW16,Card,,,,1,1,2,5069 Relay Output Module,CompactLogix
ALLEN BRADLEY,5069-RTB18-SCREW,Card,,,,1,1,2,Compact IO 18 Pin Screw Type Term,CompactLogix
ALLEN BRADLEY,5069-RTB64-SCREW,Card,,,,1,1,2,5069 Screw RTB Kit,CompactLogix
HELM,HM-1520-PLM,Card,,,,1,1,2,2CH Strain Link 1769 Input Card,
HELM,L4-WTS-350,Misc,,,,1,1,2,Strain Link Kit 350ft,
HELM,L4DB,Misc,,,,1,1,2,Strain Link Kit,
CROUSE,CRHTECK20012,Connector ,,,,1,1,2,250MCM Teck Connector,
PHOENIX CONTACT,1414398,Connector ,,,,1,1,2,Ethernet (M12 to RJ45) Panel Feedthrough Receptacle,
PHOENIX CONTACT,1416550,Connector ,,,,1,1,2,"3 Position Mini 7/8"" Cable, Female, 5m",
PHOENIX CONTACT,1417764,Connector ,,,,1,1,2,M12 8 Position Panel Feedthrough Recptacle,
PHOENIX CONTACT,1417764-1,Connector ,,,,1,1,2,"3 Position Mini 7/8"" Power Panel Feedthrough Receptacle",
PHOENIX CONTACT,1418076,Connector ,,,,1,1,2,"M12 D-Coded Internet Cable, 5m",
PHOENIX CONTACT,145352,Connector ,,,,1,1,2,M12 4 Position Panel Feedthrough Receptacle,
PHOENIX CONTACT,1520369,Connector ,,,,1,1,2,"M12 8 Position Cable, Female, 5m",
PHOENIX CONTACT,1681868,Connector ,,,,1,1,2,"M12 4 Position Cable, Female, 5m",
WEIDMULLER,1413000000,Connector ,,,,1,1,2,CONN RCPT HSG 4POS 5.00MM (25/Pack),
WEIDMULLER,1415000000,Connector ,,,,1,1,2,CONN RCPT HSG 9POS 5.00MM (25/Pack),
SCHNEIDER,LC1D09BD,Contactor,,,,1,1,2,TeSys D Contactor 9A 24VDC,
SCHNEIDER,LC1D12BD,Contactor,,,,1,1,2,TeSys D Contactor 12A 24VDC,
SCHNEIDER,LC1D18BD,Contactor,,,,1,1,2,TeSys D Contactor 18A 24VDC,
SCHNEIDER,LC1D18G7,Contactor,,,,1,1,2,18A 120V 50/60Hz 1 NO + 1 NC Contactor,
SCHNEIDER,LC1D25BD,Contactor,,,,1,1,2,TeSys D Contactor 25A 24VDC,
SCHNEIDER,LC1D32BD,Contactor,,,,1,1,2,TeSys D Contactor 32A 24VDC,
SCHNEIDER,LC1D40ABD,Contactor,,,,1,1,2,TeSys D Contactor 40A 24VDC,
SCHNEIDER,LC1D50ABD,Contactor,,,,1,1,2,TeSys D Contactor 50A 24VDC,
SCHNEIDER,LC1D65ABD,Contactor,,,,1,1,2,TeSys D Contactor 65A 24VDC,
SCHNEIDER,LC1D80BD,Contactor,,,,1,1,2,TeSys D Contactor 80A 24VDC,
SCHNEIDER,LC1D80G7,Contactor,,,,1,1,2,80 A 120V 50/60Hz 1 NO + 1 NC Contactor,
SCHNEIDER,LC2D09BD,Contactor,,,,1,1,2,TeSys D Reversing Contactor 9A 24VDC,
SCHNEIDER,LC2D12BD,Contactor,,,,1,1,2,TeSys D Reversing Contactor 12A 24VDC,
SCHNEIDER,LC2D18BD,Contactor,,,,1,1,2,TeSys D Reversing Contactor 18A 24VDC,
SCHNEIDER,LC2D25BD,Contactor,,,,1,1,2,TeSys D Reversing Contactor 25A 24VDC,
SCHNEIDER,LC2D32BD,Contactor,,,,1,1,2,TeSys D Reversing Contactor 32A 24VDC,
SCHNEIDER,LC2D40ABD,Contactor,,,,1,1,2,TeSys D Reversing Contactor 40A 24VDC,
SCHNEIDER,LC2D50ABD,Contactor,,,,1,1,2,TeSys D Reversing Contactor 50A 24VDC,
SCHNEIDER,LC2D65ABD,Contactor,,,,1,1,2,TeSys D Reversing Contactor 65A 24VDC,
SCHNEIDER,LC2D80BD,Contactor,,,,1,1,2,TeSys D Reversing Contactor 80A 24VDC,
SCHNEIDER,LP1K0610BD,Contactor,,,,1,1,2,TeSys K Contactor 6A 24VDC,
SCHNEIDER,LP1K0910BD,Contactor,,,,1,1,2,TeSys K Contactor 9A 24VDC,
SCHNEIDER,LP1K1210BD,Contactor,,,,1,1,2,TeSys K Contactor 12A 24VDC,
SCHNEIDER,LP2K0610BD,Contactor,,,,1,1,2,TeSys K Reversing Contactor 6A 24VDC,
SCHNEIDER,LP2K0910BD,Contactor,,,,1,1,2,TeSys K Reversing Contactor 9A 24VDC,
SCHNEIDER,LP2K1210BD,Contactor,,,,1,1,2,TeSys K Reversing Contactor 12A 24VDC,
ALLEN BRADLEY,1756-IA16,Card,,,,1,1,2,CONTROLLOGIX 16 PT D/I 120V AC,ControlLogix
ALLEN BRADLEY,1756-IV32,Card,,,,1,1,2,CONTROLLOGIX 32 PT 12/24VDC D/,ControlLogix
ALLEN BRADLEY,1756-L82ES,Card,,,,1,1,2,"GuardLogix5580, Safety Controller ",ControlLogix
ALLEN BRADLEY,1756-OA16,Card,,,,1,1,2,74‐265 VAC Output 16 Pts (20 Pin),ControlLogix
PROSOFT, MVI56‐FLN,Card,,,,1,1,2,FLN CARD for control logix,ControlLogix
PROSOFT, MVI56E‐MCM,Card,,,,1,1,2,MODBUS CARD for control logix,ControlLogix
ALLEN BRADLEY,100-FA31,Relay,,,,1,1,2,Auxiliary Contact,
ALLEN BRADLEY,700-CFM310EJ,Relay,,,,1,1,2,Master Control Relay-Elec,
ALLEN BRADLEY,700-HK32A1,Relay,,,,1,1,2,Power Relay 120VAC,
ALLEN BRADLEY,700-HK32Z24,Relay,,,,1,1,2,Power Relay 24VDC,
ALLEN BRADLEY,700-HK36A1,Relay,,,,1,1,2,Sq Base Relay 120VAC,
ALLEN BRADLEY,700-HK36Z24,Relay,,,,1,1,2,Power Relay 24VDC SPDT,
ALLEN BRADLEY,700-HLS1Z24,Relay,,,,1,1,2,A-B Gp Relay 24VDC,
ALLEN BRADLEY,700-HN180B,Relay,,,,1,1,2,Blue Jumper For 70,
ALLEN BRADLEY,700-HN180G,Relay,,,,1,1,2,Grey Jumper For 700-HN122,
ALLEN BRADLEY,700-HN221,Relay,,,,1,1,2,Socket 1 Pole Screw Term.,
ALLEN BRADLEY,700-HN222,Relay,,,,1,1,2,Socket 2 Pole Screw Term,
ALLEN BRADLEY,700-TBJ20R,Relay,,,,1,1,2,Relay Term Blk Assy Rela,
OMRON,445101031,Relay,,,,1,1,2,SR103AM01 24VDC/AC Safety Relay,
OMRON,J73KN-A-22,Relay,,,,1,1,2,Aux Contact For J7KNA-AR,
OMRON,J73KN-A-40,Relay,,,,1,1,2,Aux Contact For J7KNA-AR,
OMRON,J7KNA-AR31-110,Relay,,,,1,1,2,Industrial Relays 3 Pole Contactor,
OMRON,J7KNA-AR31-24VS,Relay,,,,1,1,2,3NO 1NC 24VDC Omron Relay,
OMRON,J7KNA-AR40-24VS,Relay,,,,1,1,2,4NO 0NC 24VDC Omron Relay,
PILZ,750103,Relay,,,,1,1,2,PNOZ 2D Safety Controller Relay,
SCHNEIDER,LADN31,Relay,,,,1,1,2,TeSys D Aux. Contact Block 3N.O./1N.C.,
WEIDMULLER,1122750000,Relay,,,,1,1,2,Relay Module TRS 12VDC 1CO,
WEIDMULLER,1122770000,Relay,,,,1,1,2,24VDC Terminal Relay,
WEIDMULLER,1122810000,Relay,,,,1,1,2,120VAC Terminal Relay,
ITC,324.225,Disconnect,,,,1,1,2,Female Disconnect 16-14AWG,
ITC,325.225,Disconnect,,,,1,1,2,Male Disconnect 16-14AWG,
ITC,LBS-NLO25/3E/Z33,Disconnect,,,,1,1,2,"Door mount disconnect switch, 4 hole mounting, 25A, 3 pole",
ITC,LBSNLO403EZ33,Disconnect,,,,1,1,2,40A Disconnect,
SCHNEIDER,GS2AE21,Disconnect,,,,1,1,2,Disconnect Switch Shaft- 10 X 10 X 400Mm,
SCHNEIDER,GS2AH120,Disconnect,,,,1,1,2,"30A Disconnect Handle, Red/ Yellow",
SCHNEIDER,GS2AH140,Disconnect,,,,1,1,2,"60-400A Disconnect Handle, Red/ Yellow",
SCHNEIDER,GS2AP33,Disconnect,,,,1,1,2,100A Terminal Shrouds (Set Of 3),
SCHNEIDER,GS2AP43,Disconnect,,,,1,1,2,200A Terminal Shrouds (Set Of 3),
SCHNEIDER,GS2AP53,Disconnect,,,,1,1,2,400A Terminal Shrouds (Set Of 3),
SCHNEIDER,GS2EU3N,Disconnect,,,,1,1,2,30A Fuseable Switch,
SCHNEIDER,GS2GU3NKIT,Disconnect,,,,1,1,2,"60A Fused Disconnect Switch, Shaft  Handle",
SCHNEIDER,GS2JU3N,Disconnect,,,,1,1,2,"100A 600V Disconnect Switch, Fusible",
SCHNEIDER,GS2JU3NKIT,Disconnect,,,,1,1,2,"100A Fused Disconnect Switch, Shaft  Handle",
SCHNEIDER,GS2MU3NKIT,Disconnect,,,,1,1,2,"200A Fused Disconnect Switch, Shaft  Handle",
SCHNEIDER,GS2QU3N,Disconnect,,,,1,1,2,400A Fused Disconnect Switch,
BUSSMAN,16325-3,DisctrobutionBlock,,,,1,1,2,"Distribution Block- (2) 2/0-#14, (6) #4-#14",
BUSSMAN,CPDB-3,DisctrobutionBlock,,,,1,1,2,Distribution Block Cover- For 163Xx Blocks,
MARATHON,1413400,DisctrobutionBlock,,,,1,1,2,Power Distribution Block,
ALLEN BRADLEY,1756-A10,Enclosure,,,,1,1,2,1756-A10 CONTROLLOGIX 10 SLOTS CHASSIS,
ALLEN BRADLEY,1756-A13,Enclosure,,,,1,1,2,1756-A13 CONTROLLOGIX 13 SLOTS CHASSIS,
ALLEN BRADLEY,1756-A4,Enclosure,,,,1,1,2,CONTROLLOGIX 4 SLOTS CHASSIS,
ALLEN BRADLEY,1756-A7,Enclosure,,,,1,1,2,CONTROLLOGIX 7 SLOTS CHASSIS,
Demtool,482858-2FD/2RD,Enclosure,,,,1,1,2,"48""W x 28""D x 58""H Console with 2 Front + 2 Rear Doors + 2 Backplates",
HAMMOND,EJ10106,Enclosure,,,,1,1,2,Enclosure Eclipse Jr 1-D 10x10,
HAMMOND,EJ1086,Enclosure,,,,1,1,2,10x8x6 Junction Box,
HAMMOND,EN4SD24246GY,Enclosure,,,,1,1,2,Enclosure Eclipse 1 Door 24x24,
HAMMOND,EP1616,Enclosure,,,,1,1,2,Inner Panel For Eclipse 16x16,
HAMMOND,EP2424,Enclosure,,,,1,1,2,Inner Panel For 24x24,
HAMMOND,HP100,Enclosure,,,,1,1,2,"Plug Oil Tight 1"" Conduit",
HAMMOND,HP50,Enclosure,,,,1,1,2,"Plug Oil Tight 1/2"" Conduit",
HAMMOND,HP75,Enclosure,,,,1,1,2,"Plug Oil Tight 3/4"" Conduit",
HAMMOND,PF11000T12LG,Enclosure,,,,1,1,2,"Fan Assembly, Light Gray, 120VAC",
HAMMOND,PFA10000LG,Enclosure,,,,1,1,2,Filter/Cover Pack,
HAMMOND,PFF10000,Enclosure,,,,1,1,2,"Filters, Pack of 5",
N/A,EJ1084,Enclosure,,,,1,1,2,Enclosure 10x8x4,
N/A,EJ444,Enclosure,,,,1,1,2,Encl Eclipse Jr 4x4x4,
N/A,EJ664,Enclosure,,,,1,1,2,Enclosure 6x6x4,
N/A,KL583828C,Enclosure,,,,1,1,2,"58""x38""x28"" Nema 12 Double Door Console Both Sides with Backplate",
N/A,KL584828C,Enclosure,,,,1,1,2,"58""x48""x28"" Nema 12 Double Door Both Sides Console with Backplate",
RITTAL,1034250,Enclosure,,,,1,1,2,16x12x8 Junction Box With Hinged Lid,
RITTAL,1077250,Enclosure,,,,1,1,2,"30""x30""x8"" WM Enclosure",
RITTAL,1244250,Enclosure,,,,1,1,2,16 x 16 x 8 Panel,
RITTAL,2500200,Enclosure,,,,1,1,2,RI Sz System Light Led 900,
RITTAL,2500200-1,Enclosure,,,,1,1,2,437mm AC Led System Light,
RITTAL,2500500,Enclosure,,,,1,1,2,Connection Cables,
RITTAL,2500600,Enclosure,,,,1,1,2,"SZ Jack 3 Pole, 100-200V",
RITTAL,2508010,Enclosure,,,,1,1,2,Wall Brackets For WM,
RITTAL,3303510,Enclosure,,,,1,1,2,Sk Rtt Blue E Wall Mount Coole,
RITTAL,3329500,Enclosure,,,,1,1,2,Wall Mount A/C 230V 9392BTU,
RITTAL,3386540,Enclosure,,,,1,1,2,Roof Mounted Air Conditioner,
RITTAL,4127010,Enclosure,,,,1,1,2,Sz Door Operated Switch,
RITTAL,6206050,Enclosure,,,,1,1,2,RI Support Section System60 CL,
RITTAL,6206100,Enclosure,,,,1,1,2,RI Support Section 1000mm,
RITTAL,6206300,Enclosure,,,,1,1,2,RI Coupling System60 RAL 7035,
RITTAL,6206380,Enclosure,,,,1,1,2,RI Angle Coupling System60 RAL,
RITTAL,6206600,Enclosure,,,,1,1,2,RI Angle Piece 90 Deg. System60,
RITTAL,6206740,Enclosure,,,,1,1,2,"System60, Wall Hinge",
RITTAL,6212100,Enclosure,,,,1,1,2,"Arm Section, 1000mm Length",
RITTAL,6212300,Enclosure,,,,1,1,2,"Support Arm Connection, 130mm",
RITTAL,6212600,Enclosure,,,,1,1,2,"Angle Piece, 90 Deg. System 120",
RITTAL,6212740,Enclosure,,,,1,1,2,"Wall Hinge Systems 120, Horizontal, Outlet, 330 Deg.",
RITTAL,8017528,Enclosure,,,,1,1,2,12x12x6 Junction Box With Hinged Lid,
RITTAL,8017545,Enclosure,,,,1,1,2,WN241608NC,
RITTAL,8017554,Enclosure,,,,1,1,2,WM362408NC,
RITTAL,8084500,Enclosure,,,,1,1,2,TS8084 Enclosure 1000x1800x400 RAL7035,
RITTAL,8106235,Enclosure,,,,1,1,2,TS Side Panel 2000x600,
RITTAL,8184235,Enclosure,,,,1,1,2,RI TS Sidewalls,
RITTAL,8206500,Enclosure,,,,1,1,2,TS8 Modular Enclosure 200x1200x600,
RITTAL,8609060,Enclosure,,,,1,1,2,Divider Panel,
RITTAL,8609840,Enclosure,,,,1,1,2,"71""x16"" Divider Panel",
RITTAL,8620002,Enclosure,,,,1,1,2,VX Corner Piece,
RITTAL,8620003,Enclosure,,,,1,1,2,Base Corner Piece,
RITTAL,8620005,Enclosure,,,,1,1,2,Base Plinth Front And Rear,
RITTAL,8620009,Enclosure,,,,1,1,2,RI VX Plinth 100H 1800W FR/REA,
RITTAL,8620027,Enclosure,,,,1,1,2,RI VX Base/Plinth Corner PC FR,
RITTAL,8620031,Enclosure,,,,1,1,2,VX Trim Panel,
RITTAL,8620033,Enclosure,,,,1,1,2,RI VX Base/Plinth Trim Panel,
RITTAL,8620043,Enclosure,,,,1,1,2,RI VX Base/Plinth Trim Panel,
RITTAL,8684500,Enclosure,,,,1,1,2,TS8 Enclosure,
RITTAL,8800430,Enclosure,,,,1,1,2,Angular Baying Bracket (4),
RITTAL,8800430-1,Enclosure,,,,1,1,2,Angular Baying Bracket,
RITTAL,8800845,Enclosure,,,,1,1,2,Baying Top Seal,
RITTAL,8800865,Enclosure,,,,1,1,2,Baying Cover 600mm,
RITTAL,8901430,Enclosure,,,,1,1,2,TS8 Double Door Enlosure,
RITTAL,9951134,Enclosure,,,,1,1,2,TS FMDC Txt,
RITTAL,9951146,Enclosure,,,,1,1,2,TS8 Disconnect Encl 2000x1000x600,
RITTAL,9951155,Enclosure,,,,1,1,2,Disconnect High Amp Panel Adapter,
SAGINAW,SCE-1PBI,Enclosure,,,,1,1,2,One Hole 22mm PB Box,
SAGINAW,SCE-24H1608LP,Enclosure,,,,1,1,2,24Hx16Wx08D Enclosure,
SAGINAW,SCE-24P16,Enclosure,,,,1,1,2,Backplate For 24X16 Enclosure,
SAGINAW,SCE-2PBI,Enclosure,,,,1,1,2,Two Hole 22mm PB Box,
SAGINAW,SCE-2PBI-1,Enclosure,,,,1,1,2,Two Hole 22mm PB Box,
SAGINAW,SCE-60H3616LP,Enclosure,,,,1,1,2,Enclosure 60Hx36Wx16D,
SAGINAW,SCE-60P36,Enclosure,,,,1,1,2,Subpanel For 60X36 Enclosure,
SAGINAW,SCE1212ELJ,Enclosure,,,,1,1,2,12x12x6 Enclosure,
SAGINAW,SCE12P12,Enclosure,,,,1,1,2,Backplate For 12x12x6 Enclosure,
SAGINAW,SCE1412ELJ,Enclosure,,,,1,1,2,14x12x6 Enclosure,
SAGINAW,SCE14P12,Enclosure,,,,1,1,2,Backplate For 14x12x6 Enclosure,
SAGINAW,SCE1PBXI,Enclosure,,,,1,1,2,1 Pushbutton Enclosure,
SAGINAW,SCE20166ELJ,Enclosure,,,,1,1,2,20x16x6 Enclosure,
SAGINAW,SCE20206ELJ,Enclosure,,,,1,1,2,20x20x6 Enclosure,
SAGINAW,SCE20H1612LP,Enclosure,,,,1,1,2,20x15x12 Enclosure,
SAGINAW,SCE20P16,Enclosure,,,,1,1,2,Backplate For 20x16x6,
SAGINAW,SCE20P16-1,Enclosure,,,,1,1,2,Backplate For 20x15x12,
SAGINAW,SCE20P20,Enclosure,,,,1,1,2,Backplate For 20x20x6,
SAGINAW,SCE24EL2008LP,Enclosure,,,,1,1,2,EL Enclosure 24Hx20Wx8D,
SAGINAW,SCE24H2408LP,Enclosure,,,,1,1,2,24x24x8 Enclosure,
SAGINAW,SCE24H2412LP,Enclosure,,,,1,1,2,24x24x12 Enclosure,
SAGINAW,SCE24P20,Enclosure,,,,1,1,2,Subpanel 21Hx17Wx0.88D,
SAGINAW,SCE24P24,Enclosure,,,,1,1,2,Backplate For 24x24x8,
SAGINAW,SCE24P24-1,Enclosure,,,,1,1,2,Backplate For 24x24x12,
SAGINAW,SCE2PBXI,Enclosure,,,,1,1,2,2 Pushbutton Enclosure,
SAGINAW,SCE30H3008LP,Enclosure,,,,1,1,2,30x30x8 Enclosure,
SAGINAW,SCE30P30,Enclosure,,,,1,1,2,Backplate For 30x30x8,
SAGINAW,SCE36H2412LP,Enclosure,,,,1,1,2,36x24x12 Enclosure,
SAGINAW,SCE36P24,Enclosure,,,,1,1,2,Backplate For 36x24x12,
SAGINAW,SCE3PBXI,Enclosure,,,,1,1,2,3 Pushbutton Enclosure,
ALLEN BRADLEY,1756-EN2T,Card,,,,1,1,2,CLX HI-CAP ENET/IP MODULE - TP,Ethernet
ALLEN BRADLEY,1783-LMS8,EthernetSwitch,,,,1,1,2,8 port switch - Stratix,Ethernet
BELDEN,B7958A,Cable,,,,1,1,2,CAT 5E Shield,Ethernet
N/A,47613EZ6,Connector ,,,,1,1,2,Connector RJ45,Ethernet
NTRON,108TX,EthernetSwitch,,,,1,1,2,8 Port 10/100 Ethernet Sw DIN Rail,Ethernet
PHOENIX CONTACT,1085039,EthernetSwitch,,,,1,1,1,"Narrow Ethernet switch, five RJ45 ports with 10/100 Mbps on all ports, automatic data transmission speed detection, autocrossing function, and QoS",Ethernet
PHOENIX CONTACT,1085165,EthernetSwitch,,,,1,1,1,8 port industrial Ethernet switch,Ethernet
PHOENIX CONTACT,1085219,EthernetSwitch,,,,1,1,1,16 port industrial Ethernet switch,Ethernet
PHOENIX CONTACT,1085255,EthernetSwitch,,,,1,1,1,"Narrow Ethernet switch, sixteen RJ45 ports with 10/100 Mbps on all ports, automatic data transmission speed detection, autocrossing function, and QoS",Ethernet
PHOENIX CONTACT,1085256,EthernetSwitch,,,,1,1,1,8 port industrial Ethernet switch,Ethernet
PHOENIX CONTACT,2891152,EthernetSwitch,,,,1,1,2,"5 Port Ethernet, Switch",Ethernet
SIEMENS,6GK5224-4GS00-2AC2,EthernetSwitch,,,,1,1,2,SCALANCE XC224-4C G manageable Layer 2 IE switch,Ethernet
FAF,FW38USS,Fastener,,,,1,1,2,Washer Flat USS 3/8 Zinc,
FAF,HN3816ZPGR5,Fastener,,,,1,1,2,Hex Nut Stl 3/8-16 Gr5 ZP,
FAF,LW38,Fastener,,,,1,1,2,Washer Spring Lock 3/8 Zinc,
N/A,1123116,Fastener,,,,1,1,2,"#8-32 x 3/4"" Black Socket Hex Cap Screw",
N/A,1123118,Fastener,,,,1,1,2,"#8-32 x 1"" Black Socket Hex Cap Screw",
N/A,1123166,Fastener,,,,1,1,2,"#10-32 x 3/4"" Black Socket Hex Cap Screw",
N/A,1123168,Fastener,,,,1,1,2,"#10-32 x 1"" Black Socket Hex Cap Screw",
N/A,1123203,Fastener,,,,1,1,2,"1/4-20 x 3/4"" Black Socket Hex Cap Screw",
N/A,1123205,Fastener,,,,1,1,2,"1/4-20 x 1"" Black Socket Hex Cap Screw",
N/A,1123215,Fastener,,,,1,1,2,"1/4""-20 x 3"" Black Socket Hex Cap Screw",
N/A,1124040,Fastener,,,,1,1,2,"#10-32 x 1/2"" Black Button Socket Hex Cap Screw",
N/A,1128879,Fastener,,,,1,1,2,"#8-32 x 1/2"" Phillips Drive Pan Head Zinc Finsih Steel Machine Screw",
N/A,1129049,Fastener,,,,1,1,2,"#10-32 x 1/2"" Phillips Drive Pan Heaad Zinch Finish Steel Machine Screw",
N/A,1129162,Fastener,,,,1,1,2,"1/4-20 x 1/2"" Phillips Drive Pan Head Zinc Finish Steel Machine Screw",
N/A,1133004,Fastener,,,,1,1,2,"1/4"" x 0.734"" OD Low Carbon Zinc Finish Steel USS Flat Washer",
N/A,1133072,Fastener,,,,1,1,2,"#8 x 0.438"" OD Low Carbon Zinc Finish Steel SAE Flat Washer",
N/A,1133074,Fastener,,,,1,1,2,"#10 x 0.500"" OD Low Carbon Zinc Finish Steel SAE Flat Washer",
N/A,1133612,Fastener,,,,1,1,2,#8 Zinc Split Lock Washer,
N/A,1133614,Fastener,,,,1,1,2,#10 Zinc Split Lock Washer,
N/A,1133618,Fastener,,,,1,1,2,"1/4"" Zinc Split Lock Washer",
N/A,1136024,Fastener,,,,1,1,2,8-32 Zinc Plated Machine Screw Nut,
N/A,1136302,Fastener,,,,1,1,2,1/4-20 Zinc Finish Grade 5 Finished Hex Nut,
N/A,29850,Fastener,,,,1,1,2,"#6-32x1/2"" Square Drive Round Head Zinc Finish Steel Machine Screw",
N/A,29880,Fastener,,,,1,1,2,"#10-32x1/2"" Square Drive Round Head Zinc Finish Steel Machine Screw",
ALLEN BRADLEY,1794-AENT,Card,,,,1,1,2,Flex Ethernet/IP Adaptor,FlexIO
ALLEN BRADLEY,1794-IT8,Card,,,,1,1,2,Flex 8 Thermocouple Input Module,FlexIO
ALLEN BRADLEY,1794-OB16,Card,,,,1,1,2,Flex 16 Point Digital Ouput Module,FlexIO
ALLEN BRADLEY,1794-OE12,Card,,,,1,1,2,Flex 12 Point Analog Output Module,FlexIO
ALLEN BRADLEY,1794-OE4,Card,,,,1,1,2,Flex 4 Point Analog Output Module,FlexIO
ALLEN BRADLEY,1794-TB3,Card,,,,1,1,2,Flex Terminal Base,FlexIO
ALLEN BRADLEY,1794-TB3G,Card,,,,1,1,2,Flex Terminal Base,FlexIO
ALLEN BRADLEY,1794-TB3T,Card,,,,1,1,2,Flex Terminal Base,FlexIO
BUSSMAN,CVRI-J-60100,Fuse,,,,1,1,2,Fuse Holder Cover W/ Indication,
BUSSMAN,JM60100-3CR,Fuse,,,,1,1,2,100 Amp Class J Fuse Holder 600V-3 Pole,
BUSSMAN,JTN60030,Fuse,,,,1,1,2,Single Pole J-Type Fuse Holder (30A-60A),
BUSSMAN,JTN60060,Fuse,,,,1,1,2,Single Pole J-Type Fuse Holder,
MERSEN,AJT10,Fuse,,,,1,1,2,10A Time Delay J Fuse,
MERSEN,AJT100,Fuse,,,,1,1,2,100A J-Type Fuse,
MERSEN,AJT15,Fuse,,,,1,1,2,15A J-Type Fuse,
MERSEN,AJT150,Fuse,,,,1,1,2,150A J-Type Fuse,
MERSEN,AJT200,Fuse,,,,1,1,2,200A J-Type Fuse,
MERSEN,AJT25,Fuse,,,,1,1,2,25A J-Type Fuse,
MERSEN,AJT30,Fuse,,,,1,1,2,30A J-Type Fuse,
MERSEN,AJT300,Fuse,,,,1,1,2,300A J-Type Fuse,
MERSEN,AJT35,Fuse,,,,1,1,2,35A Class J Fuse,
MERSEN,AJT40,Fuse,,,,1,1,2,40A J-Type Fuse,
MERSEN,AJT450,Fuse,,,,1,1,2,450A J-Type Fuse,
MERSEN,AJT50,Fuse,,,,1,1,2,50A J-Type Fuse,
MERSEN,AJT60,Fuse,,,,1,1,2,60A J-Type Fuse,
MERSEN,AJT70,Fuse,,,,1,1,2,Fuse Class J Time Delay Indica,
MERSEN,ATDR1,Fuse,,,,1,1,2,1A Time Delay CC Fuse,
MERSEN,ATDR1/2,Fuse,,,,1,1,2,1/2 A Time Delay CC Fuse,
MERSEN,ATDR10,Fuse,,,,1,1,2,10A Time Delay CC Fuse,
MERSEN,ATDR12,Fuse,,,,1,1,2,12A Time Delay CC Fuse,
MERSEN,ATDR15,Fuse,,,,1,1,2,15A Time Delay CC Fuse,
MERSEN,ATDR2,Fuse,,,,1,1,2,2A Time Delay CC Fuse,
MERSEN,ATDR20,Fuse,,,,1,1,2,20A Time Delay CC Fuse,
MERSEN,ATDR25,Fuse,,,,1,1,2,25A Time Delay CC Fuse,
MERSEN,ATDR3,Fuse,,,,1,1,2,3A Time Delay CC Fuse,
MERSEN,ATDR4,Fuse,,,,1,1,2,4A Time Delay CC Fuse,
MERSEN,ATDR5,Fuse,,,,1,1,2,5A Time Delay CC Fuse,
MERSEN,ATDR6,Fuse,,,,1,1,2,6A Time Delay CC Fuse,
MERSEN,ATDR7,Fuse,,,,1,1,2,7A Time Delay CC Fuse,
MERSEN,ATDR8,Fuse,,,,1,1,2,8A Time Delay CC Fuse,
MERSEN,ATDR9,Fuse,,,,1,1,2,9A Time Delay CC Fuse,
MERSEN,HSJ40,Fuse,,,,1,1,2,40A Class J High Speed Fuse,
MERSEN,US3J3I,Fuse,,,,1,1,2,Fuse Holder Class J Ultrasafe,
MERSEN,US6J2I,Fuse,,,,1,1,2,Class J 2 Pole Fuse Holder,
MERSEN,US6J3I,Fuse,,,,1,1,2,Class J 3 Pole Fuse Holder,
MERSEN,USBB1PH25K12,Fuse,,,,1,1,2,12 Comb Bus Bar,
MERSEN,USBB1PH25K6,Fuse,,,,1,1,2,6 Comb Bus Bar,
MERSEN,USCC1I,Fuse,,,,1,1,2,CC Class 1 Pole Fuse Holder,
MERSEN,USCC2I,Fuse,,,,1,1,2,CC Class 2 Pole Fuse Holder,
MERSEN,USCC3I,Fuse,,,,1,1,2,CC Class 3 Pole Fuse Holder,
WEIDMULLER,1966070000,Fuse,,,,1,1,2,1P CC Fuse Block,
WEIDMULLER,7940029425,Fuse,,,,1,1,2,2P CC Fuse Block,
WEIDMULLER,7940029426,Fuse,,,,1,1,2,3P CC Fuse Block,
AGS,A110140,Guarding,,,,1,1,2,1870mm Adj. T-Post 4 Hole Footpad,
AGS,A110220,Guarding,,,,1,1,2,1870mm Adj. Hinge Post 4 Hole Footpad,
AGS,A110500,Guarding,,,,1,1,2,1870mm Adj. Latch Post 4 Hole Footpad,
AGS,A12006,Guarding,,,,1,1,2,300x1700 Welded Wire Mesh Panel,
AGS,A12007,Guarding,,,,1,1,2,"600x1700, 2x2 Mesh Panel",
AGS,A12009,Guarding,,,,1,1,2,"1200x1700, 2x2 Mesh Panel",
AGS,A12010,Guarding,,,,1,1,2,1500x1700 Welded Wire Mesh Panel,
AGS,A12455,Guarding,,,,1,1,2,"600x1700, 2x2 LH Slide Bolt Hinge Gate",
AGS,A12457,Guarding,,,,1,1,2,"1200x1700, 2x2 LH Slide Bolt Hinge Gate",
PPS,1X2,Lamacoid,,,,1,1,2,1x2 Label,
PPS,20MM,Lamacoid,,,,1,1,2,20mm Lamacoid,
PPS,22MM,Lamacoid,,,,1,1,2,22mm Lamacoid,
PPS,22MM-CURVED,Lamacoid,,,,1,1,2,22mm-Curved Bottom,
PPS,2X4 NP,Lamacoid,,,,1,1,2,2x4 Nameplate,
PPS,30MM,Lamacoid,,,,1,1,2,30mm Lamacoid,
PPS,NP,Lamacoid,,,,1,1,2,Nameplate - VIT,
PPS,NP-1,Lamacoid,,,,1,1,2,"1.5""x6"" Nameplate",
PPS,PPS-VIT-1001F,Lamacoid,,,,1,1,2,Warning Disconnect Power Sticker (EN/FR),
PPS,PPS-VIT-1002E-120,Lamacoid,,,,1,1,2,Caution 120VAC Sticker (English),
PPS,PPS-VIT-1004F,Lamacoid,,,,1,1,2,Danger Hazardous Voltage Sticker (EN/FR),
PPS,SPEEDPOT,Lamacoid,,,,1,1,2,Speedpot Nameplate,
PATLITE,LR6-302WJNW-RYG,Light,,,,1,1,2,"60mm Tower Non-Flashing Red, Green, Yellow",
PATLITE,LR6-402PJB-RYGB,Light,,,,1,1,2,"24VDC Signal, Tower",
SCHNEIDER,ZB4BV013,Light,,,,1,1,2,Pilot Light Head- White,
SCHNEIDER,ZB4BV033,Light,,,,1,1,2,Pilot Light Head- Green,
SCHNEIDER,ZB4BV043,Light,,,,1,1,2,Pilot Light Head- Red,
SCHNEIDER,ZB4BV053,Light,,,,1,1,2,Pilot Light Head- Amber,
3M,COLOURFLEXBLACK,Misc,,,,1,1,2,"Colour Coding Tape 3/4""x66' Blk",
3M,COLOURFLEXWHITE,Misc,,,,1,1,2,"Colour Coding Tape 3/4""x66' Whi",
ABB,FEIP21,Misc,,,,1,1,2,ABB ACS880 VFD Ethernet Link Adapter,
ALLEN BRADLEY,1756-N2,Misc,,,,1,1,2,CONTROLLOGIX EMPTY SLOT COVER,
ALLEN BRADLEY,2711P-B10C22DP9P,Misc,,,,1,1,2,PanelView Plus 7,
ALLEN BRADLEY,2711P-T10C21D8S,Misc,,,,1,1,2,PanelView Plus 7 Graphic,
ALLEN BRADLEY,440G-A27143,Misc,,,,1,1,2,TLS GD2 Alig. Actuator,
ALLEN BRADLEY,440G-T27175,Misc,,,,1,1,2,A-B TLS-2 GD2,
ALLEN BRADLEY,440N-Z21S16H,Misc,,,,1,1,2,"Sensaguard 440N RFID Safety Switch, Plastic, 24 V dc",
ALLEN BRADLEY,60-2657,Misc,,,,1,1,2,Photoswitch Mounting Assembly,
ALLEN BRADLEY,VPC-B2156D-YJ72FS,Misc,,,,1,1,2,Kinetix VP Continuous Duty Servo Motor,
APP,BH502,Misc,,,,1,1,2,"3/8"" Thread Beam Clamp (#625)",
BALLUFF,BCC0106,Misc,,,,1,1,2,"M16, 8Pin, 20m, Straight",
BALLUFF,BCC0108,Misc,,,,1,1,2,"M16, 8Pin, 30m, Straight",
BALLUFF,BCC010C,Misc,,,,1,1,2,"M16, 8Pin, 50m, Straight",
BALLUFF,BTL7-A501-M0375-P-S32,Misc,,,,1,1,2,"BTL2ZCK //SSI Linear Transducer, 375mm",
BALLUFF,BTL7-A501-M0750-P-S32,Misc,,,,1,1,2,"BTL1R41 //SSI Linear Transducer, 750mm",
BALLUFF,BTL7-A501-M1100-P-S32,Misc,,,,1,1,2,"BTL2013 //SSI Linear Transducer, 1100mm",
BALLUFF,BTL7-A501-M1700-P-S32,Misc,,,,1,1,2,"BTL2014 //SSI Linear Transducer, 1700mm",
BALLUFF,BTL7-A501-M2500-P-S32,Misc,,,,1,1,2,"BTL0WJM //SSI Linear Transducer, 2500mm",
BRAD HARRISON,43302,Misc,,,,1,1,2,Connector Straight Male 4P 25A,
BRADY,M-11-427,Misc,,,,1,1,2,"Brady Wire Label Cartridge, 0.75x0.5x0.375",
BRADY,R4300,Misc,,,,1,1,2,3.27' x 984' Brady Ribbon,
BRADY,THT-80-427-5,Misc,,,,1,1,2,"Label Printable .5""x.75""H",
BRADY,THT-80-427-5-1,Misc,,,,1,1,2,"Label Printable .5""x.75""H",
BUR,KA25U,Misc,,,,1,1,2,Lug Mechanical 1C #1/0 To #14,
BURNDY,BIT04,Misc,,,,1,1,2,Insulated Lug #6 Wire,
BURNDY,BIT250,Misc,,,,1,1,2,Aluminum Multiple Tap Connector,
BURNDY,KA29U,Misc,,,,1,1,2,6AWG - 250 KCMILl Terminal Lug,
COND,LIQ1,Misc,,,,1,1,2,"1"" Liquid Tight",
COND,LIQ112,Misc,,,,1,1,2,"1-1/2"" Liquid Tight",
COND,LIQ114,Misc,,,,1,1,2,"1-1/4"" Liquid Tight",
COND,LIQ12,Misc,,,,1,1,2,"1/2"" Liquid Tight",
COND,LIQ34,Misc,,,,1,1,2,"3/4"" Liquid Tight",
CRH,LT100,Misc,,,,1,1,2,"1"" Liquid Tight Connector Str",
CRH,LT10090,Misc,,,,1,1,2,"1"" Liquid Tight Connector 90",
CRH,LT125,Misc,,,,1,1,2,"1-1/4"" Liquid Tight Connector Str",
CRH,LT50,Misc,,,,1,1,2,"1/2"" Liquid Tight Connector Str",
CRH,LT75,Misc,,,,1,1,2,"3/4"" Liquid Tight Connector Str",
Demtool,Extraction Brackets,Misc,,,,1,1,2,Press Extraction Switch Bracket,
FAF,TRUNC3810ZP,Misc,,,,1,1,2,Thrd Rod 3/8-16x10',
FAF,WA12X334,Misc,,,,1,1,2,"WEDGE ANCHOR 1/2X3-3/4"" ZINC PLATED",
FAF,WA12X512,Misc,,,,1,1,2,"WEDGE ANCHOR 1/2X3-3/4"" ZINC PLATED",
HARTING,19410160301,Misc,,,,1,1,2,16B Bulkhead Housing,
HARTING,19411160423,Misc,,,,1,1,2,Han Eco Hood,
HARTING,19411160523,Misc,,,,1,1,2,16B Hood Side Entry,
HARTING,9140083001,Misc,,,,1,1,2,8 Pin Male Connector Block,
HARTING,9140083101,Misc,,,,1,1,2,8 Pin Female Connector Block,
HARTING,9140203001,Misc,,,,1,1,2,20 Pin Male Connector Block,
HARTING,9140203001-1,Misc,,,,1,1,2,20 Pin Connector Block,
HARTING,9140203101-1,Misc,,,,1,1,2,20 Pin Female Connector Block,
HARTING,9330006104,Misc,,,,1,1,2,Silver Male Crimp,
HARTING,9330006115,Misc,,,,1,1,2,Crimp Style Contacts,
HARTING,9330006115-1,Misc,,,,1,1,2,Gold Male Crimp,
HARTING,9330006204,Misc,,,,1,1,2,Silver Female Crimp,
HARTING,9330006215,Misc,,,,1,1,2,Gold Female Crimp,
HPS,PH750AJ,Misc,,,,1,1,2,Cntl 750VA 600-120x240 En,
IBV,5266,Misc,,,,1,1,2,"1-1/2"" Sealing Ring",
IBV,CI1704,Misc,,,,1,1,2,"1/2"" Lock Ring",
IBV,CI1706,Misc,,,,1,1,2,"3/4"" Lock Ring",
IBV,CI1708,Misc,,,,1,1,2,"1"" Lock Ring",
IBV,CI1712,Misc,,,,1,1,2,"1-1/2"" Lock Ring",
IBV,CI2712,Misc,,,,1,1,2,"1-1/2"" Plastic Bushing",
IBV,CILBA112,Misc,,,,1,1,2,"1-1/2"" Lb Combo",
IBV,CIRB12R10,Misc,,,,1,1,2,Reducing Bush 1-1/2 To 1-1,
IBV,CIRB16R10,Misc,,,,1,1,2,Bush Redg Stl 2 x 1-1/4,
IBV,COND GLV112,Misc,,,,1,1,2,"1-1/2"" Rigid Pipe",
IBV,GLV112X3,Misc,,,,1,1,2,"1 1/2"" x 3"" Rigid Nipple",
IBV,TAB TBQC150,Misc,,,,1,1,2,"1-1/2"" Strut Strap",
IFM,AL1120,Misc,,,,1,1,2,IFM 4-Ports Link Module,
IFM,E10736,Misc,,,,1,1,2,Bracket Angle Bracket For M18 Sensors,
IFM,E12283,Misc,,,,1,1,2,"To M12 to RJ45, 5M",
IFM,E12432,Misc,,,,1,1,2,"Wire 4 Wire Patch Cable, 5M",
IFM,EVC002,Misc,,,,1,1,2,"4 Pin M12 4 Pin Cable Power Cable, 5M",
IFM,EVC082,Misc,,,,1,1,2,"Wire, Micro 4 Wire Micro DC Cordset, 15M, M12",
IFM,EVC494,Misc,,,,1,1,2,"Patch Cable, 15M",
IFM,IGS204,Misc,,,,1,1,2,Inductive Prox Sensor,
IFM,ROP523,Misc,,,,1,1,2,IFM Encoder,
ITC,116.012,Misc,,,,1,1,2,#6 Single Ins Blue Ferr,
ITC,180.191,Misc,,,,1,1,2,"1"" Hub Gland Black",
ITC,181.15,Misc,,,,1,1,2,"1/2"" Skin Tight",
ITC,181.175,Misc,,,,1,1,2,"3/4"" Skin Tight",
ITC,182.15,Misc,,,,1,1,2,"1/2"" Skin Tight",
ITC,182.15-1,Misc,,,,1,1,2,"1/2"" Cord Conn .394-.551""",
ITC,194.153,Misc,,,,1,1,2,"Thread Adapter Pg21-3/4""",
ITC,194.655,Misc,,,,1,1,2,"Metric 40 To 1-1/4"" NPT Adapter",
N/A,1123215,Misc,,,,1,1,2,"1/4-20x3"" Socket Hex Cap Screw Black",
N/A,141200,Misc,,,,1,1,2,Black Cable Ties,
N/A,982S,Misc,,,,1,1,2,"Male Enlarger 3/4"" - 1""",
N/A,APP-TMC2100118A,Misc,,,,1,1,2,"Alum Teck Connector 0.87""-1.18""",
N/A,BC11C2,Misc,,,,1,1,2,Plate 1G Single 20A Recep,
N/A,C40GSSP,Misc,,,,1,1,2,Splice Kit,
N/A,C40LGHL901212,Misc,,,,1,1,2,"12"" Horz 90",
N/A,C40LGSL31212,Misc,,,,1,1,2,"12"" Ladder Tray (10ft)",
N/A,C40LGVO901212,Misc,,,,1,1,2,"12"" Vert 90",
N/A,C4GTBC,Misc,,,,1,1,2,Tray To Box Connector,
N/A,CI1204,Misc,,,,1,1,2,Strap 1H Stl Rig 1/2,
N/A,CI1206,Misc,,,,1,1,2,Strap 1H Stl Rig 3/4,
N/A,CI1208,Misc,,,,1,1,2,Strap 1H Stl Rig 1,
N/A,CI3506,Misc,,,,1,1,2,"3/4"" Panel Hole Plug",
N/A,COND GLV34,Misc,,,,1,1,2,"3/4"" Rigid Pipe",
N/A,COUP GLV34,Misc,,,,1,1,2,"3/4"" Rigid Coupling",
N/A,FS1,Misc,,,,1,1,2,"Fs Box - 1/2"" Single Hole",
N/A,GLV12X3,Misc,,,,1,1,2,Nip Rig Glv 1/2x3,
N/A,GLV1X4,Misc,,,,1,1,2,Nip Rig Glv 1x4,
N/A,LT150,Misc,,,,1,1,2,"1-1/2"" Liquid Tight Connector",
N/A,LT5090,Misc,,,,1,1,2,"1/2"" Liquid Tight Connector 90",
N/A,LT7590,Misc,,,,1,1,2,"3/4"" Liquid Tight Connector 90",
N/A,N/A,Misc,,,,1,1,2,"T-Stand With 16"" x 16"" Base",
N/A,RE86K,Misc,,,,1,1,2,"3""-2"" Threaded Reducer",
N/A,TBQC050,Misc,,,,1,1,2,"Unistrut Quick Clamps - 1/2""",
N/A,TBQC075,Misc,,,,1,1,2,"Unistrut Quick Clamps - 3/4""",
N/A,TBQC100,Misc,,,,1,1,2,"Unistrut Quick Clamps - 1""",
NDR,UNL50-L35-21 8W,Misc,,,,1,1,2,"Fixture Led Under Cabinet 21""",
NIP,GLV12X2,Misc,,,,1,1,2,Nip Glv 12x2,
NIP,GLV1X2,Misc,,,,1,1,2,Nip Rig Glv 1x2,
NIP,GLV34X2,Misc,,,,1,1,2,Nip Rig Glv 3/4x2,
NIP,GLV34XCL,Misc,,,,1,1,2,Nip Rig Glv 3/4Close,
NUR,KA26U,Misc,,,,1,1,2,Mech Lug 14-2/0 1/4 1Hole,
OMRON,D4DS-K1,Misc,,,,1,1,2,"Interlock Key, H. Mtg.",
OMRON,D4DS-K5,Misc,,,,1,1,2,"Interlock Key, V. Mtg. Adjustable",
OMRON,D4NL-4GDG-B4-NPT,Misc,,,,1,1,2,"Interlock Sw 3NC+1NC/1NO, Sol. Lock",
OMRON,F39-JG10A-D,Misc,,,,1,1,2,G Series 10m Single End Extension Cable (Receiver),
OMRON,F39-JG10A-L,Misc,,,,1,1,2,G Series 10m Single End Extension Cable (Emitter),
OMRON,F39-JG7B-L,Misc,,,,1,1,2,G Series 7m Double End Extension Cable (Emitter),
OMRON,F39-LGTB,Misc,,,,1,1,2,Top/Bottom Mounting Brackets,
OMRON,F3SG-4RA0590-30,Misc,,,,1,1,2,590mm Light Curtains,
OMRON,F3SG-4RA1200-14,Misc,,,,1,1,2,"Global Light Curtain, Advanced (47.2"")",
OMRON,F3SG-4RA1950-30,Misc,,,,1,1,2,Safety Light Curtain 1950mm,
OMRON,H3CR-A8,Misc,,,,1,1,2,On Delay Timer,
OMRON,H3CR-F8 24-48AC/12-48DC,Misc,,,,1,1,2,Flick Off Start Timer,
OMRON,P2CF-08,Misc,,,,1,1,2,8 Pin Timer Sockets,
OMRON,P2CF-08-E,Misc,,,,1,1,2,DIN Track Mount (Finger Safe Type),
PHOENIX CONTACT,1520369,Misc,,,,1,1,2,M12 8Pin F To Free End 5m,
PHOENIX CONTACT,1520372,Misc,,,,1,1,2,8Pin M12 Unshielded 10m,
PHOENIX CONTACT,2967620,Misc,,,,1,1,2,"PLC Relay, Consisting of Base 24VDC",
PILZ,504222,Misc,,,,1,1,2,Non-Contact Gate Switch,
PILZ,533131,Misc,,,,1,1,2,4-Pin M8 10m Cable,
PILZ,773100,Misc,,,,1,1,2,PNOZ M1P Base Unit,
PILZ,773400,Misc,,,,1,1,2,PNOZ MI1P 8 Input,
PILZ,773500,Misc,,,,1,1,2,PNOZ MO1P 4 So,
PILZ,793100,Misc,,,,1,1,2,PNOZ M1P/M0P Plug In Screw Trmnls,
PILZ,793400,Misc,,,,1,1,2,PNOZ MI1P/MO1P Screw Terminals,
PROSOFT,PLX31-EIP-PND,Misc,,,,1,1,2,Prosoft EIP PND gateway,
PROSOFT,SDI-1G,Misc,,,,1,1,2,Prosoft 1Gb SD Card,
SASCO,S14,Misc,,,,1,1,2,"Spring Nut 1/4""",
SASCO,S205AHG,Misc,,,,1,1,2,"Brkt ""L"" Fitting 2 Hole",
SASCO,S214AHG,Misc,,,,1,1,2,"Brkt ""L"" Fitting 4 Hole",
SASCO,S214AHG-1,Misc,,,,1,1,2,4 Hole I Bracket,
SASCO,S2G120,Misc,,,,1,1,2,"Unistrut 1-5/8 x 1-5/8"" (10ft Lengths)",
SASCO,S2SL2G120,Misc,,,,1,1,2,"1-5/8"" Slotted Strut",
SASCO,S38,Misc,,,,1,1,2,"Spring Nut 3/8""",
SASCO,S501PBHG,Misc,,,,1,1,2,"Strut Post Base 1-5/8""",
SASCO,S516,Misc,,,,1,1,2,"Spring Nut 5/16""",
SASCO,S5G120,Misc,,,,1,1,2,"Unistrut 1 X 1?5/8"" (10ft Lengths)",
SASCO,S5SL2G120,Misc,,,,1,1,2,"Shallow Slotted Strut 1""x 15/8",
SASCO,S679B14HG,Misc,,,,1,1,2,"Cantilever Bracket - 14""",
TAB,5262,Misc,,,,1,1,2,"1/2"" Sealing Ring",
TAB,5263,Misc,,,,1,1,2,"3/4"" Sealing Ring",
TAB,5264,Misc,,,,1,1,2,"1"" Sealing Ring",
TAB,ABW4VSP,Misc,,,,1,1,2,"Plate Vertical Adjustable 4"" D",
TAB,AHF412LVI9012,Misc,,,,1,1,2,AL.12INWX4IND IV-90 12INRAD,
TAB,AHF412LVO9012,Misc,,,,1,1,2,AL.12INWX4IND OV-90 12INRAD,
TAB,ALTC04V3,Misc,,,,1,1,2,4 Inch Alum Instrument Tray (10M),
TAB,CPC125,Misc,,,,1,1,2,Clamp Pipe Cobra 1 1/4,
TECHSPAN,14B14S,Misc,,,,1,1,2,"Ring PVC Blu 16-14 1/4"" S 100Pk",
TECHSPAN,B4A,Misc,,,,1,1,2,Butt Splice PVC Red 100 Pack 22-18AWG,
TECHSPAN,B4B,Misc,,,,1,1,2,Butt Splice PVC Blue 100 Pack 16-14AWG,
TECHSPAN,BS4A10,Misc,,,,1,1,2,B-Spade PVC Rd 22-18 #10 100Pk,
TECHSPAN,BS4B10,Misc,,,,1,1,2,B-Spade PVC Bl 16-14 #10 100 Pk,
TECHSPAN,FER1012C,Misc,,,,1,1,2,Yellow 10AWG 12mm (100Pk),
TECHSPAN,FER1610D,Misc,,,,1,1,2,Black 16AWG 10mm (500Pk),
TECHSPAN,FER228D,Misc,,,,1,1,2,White Ferrule 22 Gauge 8mm Stm (500Ct),
TECHSPAN,R4A10,Misc,,,,1,1,2,Ring PVC Red 22-18 #10 100Pk,
TECHSPAN,R4B10,Misc,,,,1,1,2,Ring PVC Blu 16-14 #10 100Pk,
TECHSPAN,R4B8,Misc,,,,1,1,2,Lug Ring Terminal Vynil #8 Stu 100Pk,
TECHSPAN,RD13NA,Misc,,,,1,1,2,"1/2"" Strain Relief",
TECHSPAN,RD21NA,Misc,,,,1,1,2,"3/4"" Strain Relief",
TECHSPAN,RD29NA,Misc,,,,1,1,2,Strain Relief (.71-.98 Cable/Tubing Range),
TOR,11500X,Misc,,,,1,1,2,"11"" Zipties Bag Of 1000",
WEIDMULLER,1569110000,Misc,,,,1,1,2,"Cable Gland For Hood Connector, Pg 21",
WEIDMULLER,1661230000,Misc,,,,1,1,2,"Hood, Side Cable Entry 24P",
WEIDMULLER,1712520000,Misc,,,,1,1,2,16 Pin Plug Kit HDC-HE 16.120,
WEIDMULLER,1712530000,Misc,,,,1,1,2,24 Pin Plug Kit,
WEIDMULLER,1901150000,Misc,,,,1,1,2,HDC 24B SBU 1M25G,
WEIDMULLER,2005090000,Misc,,,,1,1,2,25 mm Ink Ribbon (25 x 360),
WEIDMULLER,2005100000,Misc,,,,1,1,2,Device Marker (ESG 6/17mm WS),
WEIDMULLER,2005320000,Misc,,,,1,1,2,Cable Marker,
WEIDMULLER,2005340000,Misc,,,,1,1,2,SFX 11/60 White Cable Label,
WEIDMULLER,2007150000,Misc,,,,1,1,2,Slice Relay Marker,
WEIDMULLER,2007190000,Misc,,,,1,1,2,WS 12/5mm WS (White Terminal Lable) 800/Roll,
WEIDMULLER,295100000,Misc,,,,1,1,2,"Blanking Plug For Cable Entry, Pg 21, Metal",
SCHNEIDER,LR2K0301,Overload,,,,1,1,2,TeSys K Class 10 Overload 0.10-0.16A,
SCHNEIDER,LR2K0302,Overload,,,,1,1,2,TeSys K Class 10 Overload 0.16-0.23A,
SCHNEIDER,LR2K0303,Overload,,,,1,1,2,TeSys K Class 10 Overload 0.23-0.36A,
SCHNEIDER,LR2K0304,Overload,,,,1,1,2,TeSys K Class 10 Overload 0.36-0.54A,
SCHNEIDER,LR2K0305,Overload,,,,1,1,2,TeSys K Class 10 Overload 0.54-0.8A,
SCHNEIDER,LR2K0306,Overload,,,,1,1,2,TeSys K Class 10 Overload 0.8-1.2A,
SCHNEIDER,LR2K0307,Overload,,,,1,1,2,TeSys K Class 10 Overload 1.2-1.8A,
SCHNEIDER,LR2K0308,Overload,,,,1,1,2,TeSys K Class 10 Overload 1.8-2.6A,
SCHNEIDER,LR2K0310,Overload,,,,1,1,2,TeSys K Class 10 Overload 2.6-3.7A,
SCHNEIDER,LR2K0312,Overload,,,,1,1,2,TeSys K Class 10 Overload 3.8-5.5A,
SCHNEIDER,LR2K0314,Overload,,,,1,1,2,TeSys K Class 10 Overload 5.5-8A,
SCHNEIDER,LR2K0316,Overload,,,,1,1,2,TeSys K Class 10 Overload 8-11.5A,
SCHNEIDER,LRD01,Overload,,,,1,1,2,TeSys D Class 10 Overload 0.10-0.16A,
SCHNEIDER,LRD02,Overload,,,,1,1,2,TeSys D Class 10 Overload 0.16-0.25A,
SCHNEIDER,LRD03,Overload,,,,1,1,2,TeSys D Class 10 Overload 0.25-0.40A,
SCHNEIDER,LRD04,Overload,,,,1,1,2,TeSys D Class 10 Overload 0.40-0.63A,
SCHNEIDER,LRD05,Overload,,,,1,1,2,TeSys D Class 10 Overload 0.63-1A,
SCHNEIDER,LRD06,Overload,,,,1,1,2,TeSys D Class 10 Overload 1-1.6A,
SCHNEIDER,LRD07,Overload,,,,1,1,2,TeSys D Class 10 Overload 1.6-2.5A,
SCHNEIDER,LRD08,Overload,,,,1,1,2,TeSys D Class 10 Overload 2.5-4A,
SCHNEIDER,LRD10,Overload,,,,1,1,2,TeSys D Class 10 Overload 4-6A,
SCHNEIDER,LRD12,Overload,,,,1,1,2,TeSys D Class 10 Overload 5.5-8A,
SCHNEIDER,LRD14,Overload,,,,1,1,2,TeSys D Class 10 Overload 7-10A,
SCHNEIDER,LRD16,Overload,,,,1,1,2,TeSys D Class 10 Overload 9-13A,
SCHNEIDER,LRD21,Overload,,,,1,1,2,TeSys D Class 10 Overload 12-18A,
ALLEN BRADLEY,800FM-LF7,PushButton,,,,1,1,2,800F Illum Moment Push Button,
ALLEN BRADLEY,800T-A2D1,PushButton,,,,1,1,2,Pushbutton Unit Black,
SCHNEIDER,ZB4BA2,PushButton,,,,1,1,2,"Push Button- Flush, Black",
SCHNEIDER,ZB4BC2,PushButton,,,,1,1,2,"Push Button- 40mm m/Room Head, Black",
SCHNEIDER,ZB4BC4,PushButton,,,,1,1,2,"Push Button- 40mm m/Room Head, Red",
SCHNEIDER,ZB4BC5,PushButton,,,,1,1,2,"Push Button- 40mm m/Room Head, Yellow",
SCHNEIDER,ZB4BL2,PushButton,,,,1,1,2,"Push Button- Extended, Black",
SCHNEIDER,ZB4BL4,PushButton,,,,1,1,2,"Push Button- Extended, Red",
SCHNEIDER,ZB4BS844,PushButton,,,,1,1,2,"Push Button- Twist To Release, Red",
SCHNEIDER,ZB4BW31,PushButton,,,,1,1,2,"Push Button- Illuminated, Flush Operator, White",
SCHNEIDER,ZB4BW33,PushButton,,,,1,1,2,"Push Button- Illuminated, Flush Operator, Green",
SCHNEIDER,ZB4BW34,PushButton,,,,1,1,2,"Push Button- Illuminated, Flush Operator, Red",
SCHNEIDER,ZB4BW36,PushButton,,,,1,1,2,"Push Button- Illuminated, Flush Operator, Blue",
SCHNEIDER,ZB4BW643,PushButton,,,,1,1,2,40mm m/Room Push/Pull Illuminated Estop,
SCHNEIDER,ZB4BZ009,PushButton,,,,1,1,2,Body Mounting Collar,
SCHNEIDER,ZBE101,PushButton,,,,1,1,2,Contact Block- 1 N/O,
SCHNEIDER,ZBE102,PushButton,,,,1,1,2,Contact Block- 1 N/C,
SCHNEIDER,ZBE205,PushButton,,,,1,1,2,"Contact Block- 1 N/O, 1 N/C",
SCHNEIDER,ZBVB1,PushButton,,,,1,1,2,"Light Module- 24VDC/AC, White",
SCHNEIDER,ZBVB3,PushButton,,,,1,1,2,"Light Module- 24VDC/AC, Green",
SCHNEIDER,ZBVB4,PushButton,,,,1,1,2,"Light Module- 24VDC/AC, Red",
SCHNEIDER,ZBVB5,PushButton,,,,1,1,2,"Light Module- 24VDC/AC, Amber",
SCHNEIDER,ZBVB6,PushButton,,,,1,1,2,"Light Module- 24VDC/AC, Blue",
SCHNEIDER,ZBVG3,PushButton,,,,1,1,2,"Light Module- 120AC, Green",
SCHNEIDER,ZBY9320,PushButton,,,,1,1,2,Legend Plate. Emergency Stop 22mm,
ALLEN BRADLEY,1734-AENT,Card,,,,1,1,2,Point I/O Ethernet Network Adapter,PointIO
ALLEN BRADLEY,1734-AENTR,Card,,,,1,1,2,Point I/O Dual Port Network Adapter,PointIO
ALLEN BRADLEY,1734-EP24DC,Card,,,,1,1,2,Point I/O Extension Power Module,PointIO
ALLEN BRADLEY,1734-IB8,Card,,,,1,1,2,Point I/O 8 Point Digital Input Module,PointIO
ALLEN BRADLEY,1734-IB8S,Card,,,,1,1,2,8 Channel Safety Sinking Input Module,PointIO
ALLEN BRADLEY,1734-IE2C,Card,,,,1,1,2,Point I/O 2 Point Analog Input Module,PointIO
ALLEN BRADLEY,1734-IE4CK,Card,,,,1,1,2,,PointIO
ALLEN BRADLEY,1734-IR2,Card,,,,1,1,2,Point I/O 2 Point Rtd Input Module,PointIO
ALLEN BRADLEY,1734-OB8,Card,,,,1,1,2,Point I/O 8 Point Digital Output,PointIO
ALLEN BRADLEY,1734-OB8S,Card,,,,1,1,2,8 Channel Safety Sourcing Output,PointIO
ALLEN BRADLEY,1734-SSI,Card,,,,1,1,2,Point I/O SSI Encoder Module,PointIO
ALLEN BRADLEY,1734-TB,Card,,,,1,1,2,Point I/O Terminal Base,PointIO
ALLEN BRADLEY,1734-TOP,Card,,,,1,1,2,Point I/O Terminal Base,PointIO
ALLEN BRADLEY,1756-IF8,Card,,,,1,1,2,CONTROLLOGIX 8 POINT A/I MODULE,PointIO
ALLEN BRADLEY,1756-IV16,Card,,,,1,1,2,CONTROLLOGIX 16 PT 12/24V DC DIGITAL I/O,PointIO
ALLEN BRADLEY,1756-OF4,Card,,,,1,1,2,CONTROLLOGIX 4 POINT A/O I OR V,PointIO
ALLEN BRADLEY,1756-OW16I,Card,,,,1,1,2,CONTROLLOGIX 16 PT DIGITAL RE,PointIO
ALLEN BRADLEY,1756-PA72,PowerSupply,,,,1,1,2,CONTROLLOGIX AC POWER SUPPLY,
OMRON,S8VK-C06024,PowerSupply,,,,1,1,2,Power Supply 24V 2.5A,
OMRON,S8VK-C12024,PowerSupply,,,,1,1,2,120W Power Supply 24V 5A,
OMRON,S8VK-C24024,PowerSupply,,,,1,1,2,240W Power Supply 24V 10A,
OMRON,S8VK-G12024,PowerSupply,,,,1,1,2,120W Power Supply 24V 5A,
OMRON,S8VK-G24024,PowerSupply,,,,1,1,2,240W Power Supply 24V 10A,
OMRON,S8VK-G48024,PowerSupply,,,,1,1,2,480W Power Supply 24V 20A,
OMRON,S8VKG12024,PowerSupply,,,,1,1,2,Omron 10 Amp power supply,
SOLA,698916,PowerSupply,,,,1,1,2,1.25A 24V Power Supply SVL 1-24-100,
SOLA,699112,PowerSupply,,,,1,1,2,2.1A 24V Power Supply SVL 2-24-100,
SOLA,699115,PowerSupply,,,,1,1,2,4A 24V Power Supply SVL 4-24-100,
SOLA,699118,PowerSupply,,,,1,1,2,5A 24V Power Supply SVL 5-24-100,
SOLA,699119,PowerSupply,,,,1,1,2,10A 24V Power Supply SVL 10-24-100,
SOLA,699121,PowerSupply,,,,1,1,2,20A 24V Power Supply SVL 20-24-100,
BRAD HARRISON,22801,Receptacle,,,,1,1,2,Safety Block 2 Pin Receptacle,
BRAD HARRISON,22803,Receptacle,,,,1,1,2,Safety Block 2 Pin Plug,
BRAD HARRISON,43301,Receptacle,,,,1,1,2,Receptacle 90D Female 4P 25A 6,
CRH,DS23,Receptacle,,,,1,1,2,Duplex Rec Cover For Fs Box,
N/A,BC11C3,Receptacle,,,,1,1,2,Plate 1G Single 15A Recep,
N/A,CRO15W,Receptacle,,,,1,1,2,White Recpt 15A Smooth Face - Indust,
PHOENIX CONTACT,5500521,Receptacle,,,,1,1,2,120AC/ RJ45 Programming Port,
WINTRISS,2288301,SmartPac,,,,1,1,2,"3/4"" (SIZE 8) ROSS DM2",
WINTRISS,4170201,SmartPac,,,,1,1,2,RESOLVER,
WINTRISS,4217201,SmartPac,,,,1,1,2,"OFF, INCH, SINGLE, CONTINUOUS",
WINTRISS,4245203,SmartPac,,,,1,1,2,30ft. Shielded DSI/ Output Cable,
WINTRISS,4317301,SmartPac,,,,1,1,2,PROCAMPAC WITHOUT ENCLOSURE,
WINTRISS,4325501,SmartPac,,,,1,1,2,Aux. E-Stop Relay Output,
WINTRISS,4328501,SmartPac,,,,1,1,2,WPC  2000 30' Comms Cable,
WINTRISS,4328502,SmartPac,,,,1,1,2,WPC 2000 100' COMMS Cable,
WINTRISS,9631103,SmartPac,,,,1,1,2,30FT RESOLVER Cable,
WINTRISS,9631104,SmartPac,,,,1,1,2,100ft Resolver Cable,
WINTRISS,9631105,SmartPac,,,,1,1,2,RESOLVER Cable  OVERRUN LIMIT SW 75',
WINTRISS,9632801,SmartPac,,,,1,1,2,PROCAMPAC 8 CHANNELS,
WINTRISS,9644102,SmartPac,,,,1,1,2,AutoSet PAC 4 input W/O Enclosure,
WINTRISS,9647102,SmartPac,,,,1,1,2,Strain Link 100' Cable,
WINTRISS,9647102-1,SmartPac,,,,1,1,2,100 ft. Differential Strain Link,
WINTRISS,9677901,SmartPac,,,,1,1,2,DSI2,
WINTRISS,9677918,SmartPac,,,,1,1,2,DSI2 similar to 9677901 but without power supply.,
WINTRISS,9678202,SmartPac,,,,1,1,2,"ONE-HAND, TWO-HAND, FOOT WITH MUTED SHADOW",
WINTRISS,9680517,SmartPac,,,,1,1,2,"One Hand, Two Hand, Foot Non Muted with ACTS",
WINTRISS,9683403,SmartPac,,,,1,1,2,WPC2000 NO ENCLOSURE 24V,
WINTRISS,9684301,SmartPac,,,,1,1,2,Option #2 Board,
WINTRISS,9684302,SmartPac,,,,1,1,2,OPTION 2,
WINTRISS,9684402,SmartPac,,,,1,1,2,Standard w/Lube,
WINTRISS,9687202,SmartPac,,,,1,1,2,SMARTPAC PRO CONTROL PANEL MOUNT UPGRADE,
WINTRISS,9687210,SmartPac,,,,1,1,2,SMARTPAC PRO PM NO SW 24V,
WINTRISS,9688500,SmartPac,,,,1,1,2,Standard Firmware,
WINTRISS,9688619,SmartPac,,,,1,1,2,USB Back-UP,
WINTRISS,N/A,SmartPac,,,,1,1,2,STROKE SELECTOR SWITCH,
ALLEN BRADLEY,800T-2HRH2KB6AX,SelectorSwitch,,,,1,1,2,2-Position Switch 30mm I,
ALLEN BRADLEY,800T-J2A,SelectorSwitch,,,,1,1,2,Selector Switch,
ALLEN BRADLEY,800T-J91A,SelectorSwitch,,,,1,1,2,Selector Switch,
SCHNEIDER,ZB4BD2,SelectorSwitch,,,,1,1,2,"Selector Switch- 2P, Maintained",
SCHNEIDER,ZB4BD3,SelectorSwitch,,,,1,1,2,"Selector Switch- 3P, Maintained",
SCHNEIDER,ZB4BD5,SelectorSwitch,,,,1,1,2,"Three Pos Selector Switch, Spring Return",
SCHNEIDER,ZB4BG0,SelectorSwitch,,,,1,1,2,"Key Switch- 3P Maint, Key Rmv All",
SCHNEIDER,ZB4BG012,SelectorSwitch,,,,1,1,2,"Key Switch- 3P Maintained, Key Rmv All, Special Cut",
SCHNEIDER,ZB4BG2,SelectorSwitch,,,,1,1,2,"Key Switch- 2P Maintained, Key Rmv Left",
SCHNEIDER,ZB4BG4,SelectorSwitch,,,,1,1,2,"Key Switch- 2P Maintained, Key Rmv All",
SCHNEIDER,ZB4BG6,SelectorSwitch,,,,1,1,2,"Key Switch- 2P Spring To Left, Key Rmv Left",
SCHNEIDER,ZB4BG7,SelectorSwitch,,,,1,1,2,"Key Switch- 3P Spring To Center, Key Rmv Center",
SCHNEIDER,ZB4BK1233,SelectorSwitch,,,,1,1,2,"Two Pos Selector Switch, Illuminated - Green",
ALLEN BRADLEY,1756-TBS6H,Terminals,,,,1,1,2,CONTROLLOGIX 36 PIN SPRING TRM,
ALLEN BRADLEY,1756-TBSH,Terminals,,,,1,1,2,CONTROLLOGIX 20 PIN SPRING TRM,
WEIDMULLER,1010100000,Terminals,,,,1,1,2,Ground Terminal WPE4 (100/Pack),
WEIDMULLER,1020000000,Terminals,,,,1,1,2,Terminal Blocks,
WEIDMULLER,1020100000,Terminals,,,,1,1,2,WDU 4 Terminal Blocks 4mm,
WEIDMULLER,1041900000,Terminals,,,,1,1,2,2 Tier Terminal,
WEIDMULLER,1061200000,Terminals,,,,1,1,2,End Bracket For Terminal Block (100),
WEIDMULLER,1084000000,Terminals,,,,1,1,2,2 Tier Terminal End Cap,
WEIDMULLER,1211100000,Terminals,,,,1,1,2,Male Connector Screw Term 24P,
WEIDMULLER,1608940000,Terminals,,,,1,1,2,Terminal Jumper Bar (20/Pk),
WEIDMULLER,1609030000,Terminals,,,,1,1,2,"Cross-Conn Comb ZQV4/10 ""Cage Clamp Terminal""",
WEIDMULLER,1632050000,Terminals,,,,1,1,2,"Terminal Block Feed Through ZD ""Cage Clamp Terminal""",
WEIDMULLER,1632080000,Terminals,,,,1,1,2,"2-Pos # 26-10 W ""Cage Clamp Terminal""",
WEIDMULLER,1632090000,Terminals,,,,1,1,2,"Z-series, End plate, Seperation plate",
WEIDMULLER,1758260000,Terminals,,,,1,1,2,"2 Tier Terminal Jumper, 10P",
WEIDMULLER,2007200000,Terminals,,,,1,1,2,4mm Terminal Marker,
WEIDMULLER,7904100000,Terminals,,,,1,1,2,ZAP/TW4/3AN Divider,
WEIDMULLER,7904170000,Terminals,,,,1,1,2,ZPE 4/3AN PE Terminal 4mm,
WEIDMULLER,7904180000,Terminals,,,,1,1,2,"ZDU 4/3AN ""Cage Clamp Terminal""",
BELDEN,5MF-1401-B-02,Wire,,,,1,1,2,"UL3173, 14AWG, 41STR, TNC, Black",
N/A,1015-10/105-3,Wire,,,,1,1,2,"TEW, UL1015, 10AWG, 105STR, PVC, Orange",
N/A,1015BC-10/105-2-300,Wire,,,,1,1,2,"TEW 10AWG Stranded, Red",
N/A,1015BC-12/65-2-300,Wire,,,,1,1,2,"TEW 12AWG Stranded, Red",
N/A,1015BC-14/41-4-300,Wire,,,,1,1,2,"TEW 14AWG Stranded, Yellow",
N/A,1015BC-16/26-0-300,Wire,,,,1,1,2,"TEW 16AWG Stranded, Black",
N/A,1015BC-16/26-6,Wire,,,,1,1,2,"UL1015 16 26STR BC 2/64 PVC, Blue",
N/A,5MF-3031-EPDM,Wire,,,,1,1,2,3/0 3284 Prestolite,
N/A,6WA-1265-01,Wire,,,,1,1,2,"TEW 12AWG Stranded, White",
N/A,6WA-1441-02,Wire,,,,1,1,2,"TEW 14AWG Stranded, Black",
N/A,6WA-1441-04,Wire,,,,1,1,2,"TEW 14AWG Stranded, Green",
N/A,6WA-1441-06,Wire,,,,1,1,2,"TEW 14AWG Stranded, Blue",
N/A,6WA-1626-01-1500,Wire,,,,1,1,2,"TEW 16AWG Stranded, White",
N/A,6WA-1626-02,Wire,,,,1,1,2,"16-1C 26 STR BC PVC INS, Black",
N/A,6WA-1626-03-1500,Wire,,,,1,1,2,"TEW 16AWG Stranded, Red",
N/A,6WA-1626-04,Wire,,,,1,1,2,"TEW 16AWG Stranded, Green",
N/A,6WA-1626-05,Wire,,,,1,1,2,"TEW 16AWG Stranded, Yellow",
N/A,6WA-1626-08,Wire,,,,1,1,2,"TEW 16AWG Stranded, Orange",
N/A,6WA-1816-06-1500,Wire,,,,1,1,2,"TEW 18AWG Stranded, Blue",
N/A,T9014STRBLUX300,Wire,,,,1,1,2,Wire T90/TWN75 #14 Str Blue X,
N/A,T906GRN,Wire,,,,1,1,2,Wire T90/TWN75 6 Green,
NCS,TEW1626BLKX150,Wire,,,,1,1,2,Black 16AWG TEW,
PRESTOLITE,5MF-0401-EPDM,Wire,,,,1,1,2,4 AWG 3284 Prestolite,
PRESTOLITE,5MF-0801-EPDM,Wire,,,,1,1,2,UL3284 8AWG Black 133 STR TNC,
PRESTOLITE,5MF-1001-EPDM,Wire,,,,1,1,2,UL3284 10AWG Black 105 STR TNC,
PRESTOLITE,5MF-1011-EPDM,Wire,,,,1,1,2,1/0 Prestolite,
PRESTOLITE,5MF-1201-EPDM,Wire,,,,1,1,2,UL3284 12AWG Black 65 STR TNC,
BELDON,316-023-2204-FR,Wire,,,,1,1,2,"22-4C STR TNC SR-PVC, Grey",
TECK 90,7TK-2503AJ,Wire,,,,1,1,2,250-3C  TECK BC 1K XLPE INSS 1 #4 GND PVC JKT FT4 CSA,
COND,LIQ34-1,Wireway,,,,1,1,2,"3/4"" LIQUID TIGHT",
CRH,LT7590,Wireway,,,,1,1,2,"3/4"" LIQUID TIGHT CONNECTOR 90",
MISC,B40CSL3,Wireway,,,,1,1,2,Tray Divider C40 Series (10ft Sections),
N/A,C40LGSL3126,Wireway,,,,1,1,2,"6"" Ladder Tray (10ft)",
PANDUIT,C15LG6,Wireway,,,,1,1,2,"1.5"" Duct Cover (Per 6Ft)",
PANDUIT,C2LG6,Wireway,,,,1,1,2,"2"" Duct Cover (Per 6Ft)",
PANDUIT,C3LG6,Wireway,,,,1,1,2,"3"" Duct Cover (Per 6Ft)",
PANDUIT,C4LG6,Wireway,,,,1,1,2,"4"" Duct Cover (Per 6Ft)",
PANDUIT,F15X4LG6,Wireway,,,,1,1,2,"1.5"" X 4"" Wire Duct",
PANDUIT,F2X4LG6,Wireway,,,,1,1,2,"2"" X 4"" Wire Duct",
PANDUIT,F3X4LG6,Wireway,,,,1,1,2,"3"" X 4"" Wire Duct",
PANDUIT,F4X4LG6,Wireway,,,,1,1,2,"4""X 4"" Wire Duct",
TAB,AH1412L123,Wireway,,,,1,1,2,"Cable Tray Aluminum 3M 12"" SPA",
TAB,AHF412LHB9012,Wireway,,,,1,1,2,"Elbow 90 Degrees, Aluminum, Horizontal",
HPS,FS1000ACP,Transformer,,,,1,1,2,Control Transformer 1000VA 600/110,
HPS,FS2000ACP,Transformer,,,,1,1,2,Control Transformer 2000VA 600/110,
HPS,FS3000ACP,Transformer,,,,1,1,2,Control Transformer 3000VA 600/110,
HPS,FS500ACP,Transformer,,,,1,1,2,Control Transformer 500VA 600/110,
HPS,FS750ACP,Transformer,,,,1,1,2,Control Transformer 750VA 600/110,
HPS,SP1000ACP,Transformer,,,,1,1,2,Control Transformer 1000VA 600/110,
HPS,SP2000ACP,Transformer,,,,1,1,2,Control Transformer 2000VA 600/110,
HPS,SP250ACP,Transformer,,,,1,1,2,Control Transformer 250VA 600/110,
HPS,SP3000ACP,Transformer,,,,1,1,2,Control Transformer 3000VA 600/110,
HPS,SP500ACP,Transformer,,,,1,1,2,Control Transformer 500VA 600/110,
HPS,SP750ACP,Transformer,,,,1,1,2,Control Transformer 750VA 600/110,
